service,rpc,frontend,surface,server_implemented,frontend_handler,evidence_level
ColimaService,Start,macos,dashboard,true,true,CI-without-daemon
ColimaService,Start,windows,dashboard,true,true,CI-without-daemon
ColimaService,Start,linux,dashboard,true,true,CI-without-daemon
ColimaService,Start,tui,dashboard,true,true,CI-without-daemon
ColimaService,Stop,macos,dashboard,true,true,CI-without-daemon
ColimaService,Stop,windows,dashboard,true,true,CI-without-daemon
ColimaService,Stop,linux,dashboard,true,true,CI-without-daemon
ColimaService,Stop,tui,dashboard,true,true,CI-without-daemon
ColimaService,Restart,macos,dashboard,true,true,CI-without-daemon
ColimaService,Restart,windows,dashboard,true,true,CI-without-daemon
ColimaService,Restart,linux,dashboard,true,true,CI-without-daemon
ColimaService,Restart,tui,dashboard,true,true,CI-without-daemon
ColimaService,Delete,macos,profiles,true,true,CI-without-daemon
ColimaService,Delete,windows,profiles,true,true,CI-without-daemon
ColimaService,Delete,linux,profiles,true,true,CI-without-daemon
ColimaService,Delete,tui,profiles,true,true,CI-without-daemon
ColimaService,Status,macos,dashboard,true,true,live-backend
ColimaService,Status,windows,dashboard,true,true,CI-without-daemon
ColimaService,Status,linux,dashboard,true,true,CI-without-daemon
ColimaService,Status,tui,dashboard,true,true,CI-without-daemon
ColimaService,Version,macos,dashboard,true,true,CI-without-daemon
ColimaService,Version,windows,dashboard,true,true,CI-without-daemon
ColimaService,Version,linux,dashboard,true,true,CI-without-daemon
ColimaService,Version,tui,dashboard,true,false,source-only
ColimaService,Update,macos,runtime,true,true,CI-without-daemon
ColimaService,Update,windows,runtime,true,true,CI-without-daemon
ColimaService,Update,linux,runtime,true,true,CI-without-daemon
ColimaService,Update,tui,runtime,true,true,CI-without-daemon
ColimaService,Prune,macos,runtime,true,true,CI-without-daemon
ColimaService,Prune,windows,runtime,true,true,CI-without-daemon
ColimaService,Prune,linux,runtime,true,true,CI-without-daemon
ColimaService,Prune,tui,runtime,true,true,CI-without-daemon
ColimaService,SSHConfig,macos,profiles,true,true,CI-without-daemon
ColimaService,SSHConfig,windows,profiles,true,true,CI-without-daemon
ColimaService,SSHConfig,linux,profiles,true,true,CI-without-daemon
ColimaService,SSHConfig,tui,profiles,true,true,CI-without-daemon
ColimaService,ListProfiles,macos,profiles,true,true,live-backend
ColimaService,ListProfiles,windows,profiles,true,true,CI-without-daemon
ColimaService,ListProfiles,linux,profiles,true,true,CI-without-daemon
ColimaService,ListProfiles,tui,profiles,true,true,CI-without-daemon
ColimaService,ListMachines,macos,machines,true,true,CI-without-daemon
ColimaService,ListMachines,windows,machines,true,true,CI-without-daemon
ColimaService,ListMachines,linux,machines,true,true,CI-without-daemon
ColimaService,ListMachines,tui,machines,true,true,CI-without-daemon
ColimaService,CreateProfile,macos,profiles,true,true,CI-without-daemon
ColimaService,CreateProfile,windows,profiles,true,true,CI-without-daemon
ColimaService,CreateProfile,linux,profiles,true,true,CI-without-daemon
ColimaService,CreateProfile,tui,profiles,true,true,CI-without-daemon
ColimaService,DeleteProfile,macos,profiles,true,true,CI-without-daemon
ColimaService,DeleteProfile,windows,profiles,true,true,CI-without-daemon
ColimaService,DeleteProfile,linux,profiles,true,true,CI-without-daemon
ColimaService,DeleteProfile,tui,profiles,true,true,CI-without-daemon
ColimaService,CloneProfile,macos,profiles,true,true,CI-without-daemon
ColimaService,CloneProfile,windows,profiles,true,true,CI-without-daemon
ColimaService,CloneProfile,linux,profiles,true,true,CI-without-daemon
ColimaService,CloneProfile,tui,profiles,true,true,CI-without-daemon
ColimaService,GetConfig,macos,configuration,true,true,live-backend
ColimaService,GetConfig,windows,configuration,true,true,CI-without-daemon
ColimaService,GetConfig,linux,configuration,true,true,CI-without-daemon
ColimaService,GetConfig,tui,configuration,true,true,CI-without-daemon
ColimaService,SetConfig,macos,configuration,true,true,live-backend
ColimaService,SetConfig,windows,configuration,true,true,CI-without-daemon
ColimaService,SetConfig,linux,configuration,true,true,CI-without-daemon
ColimaService,SetConfig,tui,configuration,true,true,CI-without-daemon
ColimaService,GetTemplate,macos,configuration,true,false,source-only
ColimaService,GetTemplate,windows,configuration,true,true,CI-without-daemon
ColimaService,GetTemplate,linux,configuration,true,true,CI-without-daemon
ColimaService,GetTemplate,tui,configuration,true,true,CI-without-daemon
ColimaService,SetTemplate,macos,configuration,true,false,source-only
ColimaService,SetTemplate,windows,configuration,true,true,CI-without-daemon
ColimaService,SetTemplate,linux,configuration,true,true,CI-without-daemon
ColimaService,SetTemplate,tui,configuration,true,true,CI-without-daemon
ColimaService,KubernetesStart,macos,kubernetes,true,true,CI-without-daemon
ColimaService,KubernetesStart,windows,kubernetes,true,true,CI-without-daemon
ColimaService,KubernetesStart,linux,kubernetes,true,true,CI-without-daemon
ColimaService,KubernetesStart,tui,kubernetes,true,true,CI-without-daemon
ColimaService,KubernetesStop,macos,kubernetes,true,true,CI-without-daemon
ColimaService,KubernetesStop,windows,kubernetes,true,true,CI-without-daemon
ColimaService,KubernetesStop,linux,kubernetes,true,true,CI-without-daemon
ColimaService,KubernetesStop,tui,kubernetes,true,true,CI-without-daemon
ColimaService,KubernetesReset,macos,kubernetes,true,true,CI-without-daemon
ColimaService,KubernetesReset,windows,kubernetes,true,true,CI-without-daemon
ColimaService,KubernetesReset,linux,kubernetes,true,true,CI-without-daemon
ColimaService,KubernetesReset,tui,kubernetes,true,true,CI-without-daemon
ColimaService,KubernetesExec,macos,kubernetes,true,true,CI-without-daemon
ColimaService,KubernetesExec,windows,kubernetes,true,true,CI-without-daemon
ColimaService,KubernetesExec,linux,kubernetes,true,true,CI-without-daemon
ColimaService,KubernetesExec,tui,kubernetes,true,true,CI-without-daemon
ColimaService,ModelSetup,macos,ai_workloads,true,true,CI-without-daemon
ColimaService,ModelSetup,windows,ai_workloads,true,true,CI-without-daemon
ColimaService,ModelSetup,linux,ai_workloads,true,true,CI-without-daemon
ColimaService,ModelSetup,tui,ai_workloads,true,true,CI-without-daemon
ColimaService,ModelRun,macos,ai_workloads,true,true,CI-without-daemon
ColimaService,ModelRun,windows,ai_workloads,true,true,CI-without-daemon
ColimaService,ModelRun,linux,ai_workloads,true,true,CI-without-daemon
ColimaService,ModelRun,tui,ai_workloads,true,true,CI-without-daemon
ColimaService,ModelServe,macos,ai_workloads,true,true,CI-without-daemon
ColimaService,ModelServe,windows,ai_workloads,true,true,CI-without-daemon
ColimaService,ModelServe,linux,ai_workloads,true,true,CI-without-daemon
ColimaService,ModelServe,tui,ai_workloads,true,true,CI-without-daemon
ColimaService,ModelStop,macos,ai_workloads,true,true,CI-without-daemon
ColimaService,ModelStop,windows,ai_workloads,true,true,CI-without-daemon
ColimaService,ModelStop,linux,ai_workloads,true,true,CI-without-daemon
ColimaService,ModelStop,tui,ai_workloads,true,true,CI-without-daemon
ColimaService,SwitchRuntime,macos,runtime,true,true,live-backend
ColimaService,SwitchRuntime,windows,runtime,true,true,CI-without-daemon
ColimaService,SwitchRuntime,linux,runtime,true,true,CI-without-daemon
ColimaService,SwitchRuntime,tui,runtime,true,true,CI-without-daemon
ColimaService,UpdateRuntime,macos,runtime,true,true,live-backend
ColimaService,UpdateRuntime,windows,runtime,true,true,CI-without-daemon
ColimaService,UpdateRuntime,linux,runtime,true,true,CI-without-daemon
ColimaService,UpdateRuntime,tui,runtime,true,true,CI-without-daemon
ColimaService,VMStats,macos,monitoring,true,false,source-only
ColimaService,VMStats,windows,monitoring,true,true,CI-without-daemon
ColimaService,VMStats,linux,monitoring,true,true,CI-without-daemon
ColimaService,VMStats,tui,monitoring,true,true,CI-without-daemon
ColimaService,ProcessList,macos,monitoring,true,true,CI-without-daemon
ColimaService,ProcessList,windows,monitoring,true,true,CI-without-daemon
ColimaService,ProcessList,linux,monitoring,true,true,CI-without-daemon
ColimaService,ProcessList,tui,monitoring,true,true,CI-without-daemon
ColimaService,KillProcess,macos,monitoring,true,true,CI-without-daemon
ColimaService,KillProcess,windows,monitoring,true,true,CI-without-daemon
ColimaService,KillProcess,linux,monitoring,true,true,CI-without-daemon
ColimaService,KillProcess,tui,monitoring,true,true,CI-without-daemon
DockerService,ListContainers,macos,containers,true,true,live-backend
DockerService,ListContainers,windows,containers,true,true,CI-without-daemon
DockerService,ListContainers,linux,containers,true,true,CI-without-daemon
DockerService,ListContainers,tui,containers,true,true,CI-without-daemon
DockerService,ContainerAction,macos,containers,true,true,live-backend
DockerService,ContainerAction,windows,containers,true,true,CI-without-daemon
DockerService,ContainerAction,linux,containers,true,true,CI-without-daemon
DockerService,ContainerAction,tui,containers,true,true,CI-without-daemon
DockerService,CreateContainer,macos,containers,true,true,live-backend
DockerService,CreateContainer,windows,containers,true,true,CI-without-daemon
DockerService,CreateContainer,linux,containers,true,true,CI-without-daemon
DockerService,CreateContainer,tui,containers,true,true,CI-without-daemon
DockerService,RenameContainer,macos,containers,true,true,CI-without-daemon
DockerService,RenameContainer,windows,containers,true,true,CI-without-daemon
DockerService,RenameContainer,linux,containers,true,true,CI-without-daemon
DockerService,RenameContainer,tui,containers,true,true,CI-without-daemon
DockerService,ContainerLogs,macos,containers,true,true,live-backend
DockerService,ContainerLogs,windows,containers,true,true,CI-without-daemon
DockerService,ContainerLogs,linux,containers,true,true,CI-without-daemon
DockerService,ContainerLogs,tui,containers,true,true,CI-without-daemon
DockerService,InspectContainer,macos,containers,true,true,CI-without-daemon
DockerService,InspectContainer,windows,containers,true,true,CI-without-daemon
DockerService,InspectContainer,linux,containers,true,true,CI-without-daemon
DockerService,InspectContainer,tui,containers,true,true,CI-without-daemon
DockerService,ContainerTop,macos,containers,true,true,CI-without-daemon
DockerService,ContainerTop,windows,containers,true,true,CI-without-daemon
DockerService,ContainerTop,linux,containers,true,true,CI-without-daemon
DockerService,ContainerTop,tui,containers,true,true,CI-without-daemon
DockerService,ContainerStats,macos,containers,true,true,live-backend
DockerService,ContainerStats,windows,containers,true,true,CI-without-daemon
DockerService,ContainerStats,linux,containers,true,true,CI-without-daemon
DockerService,ContainerStats,tui,containers,true,true,CI-without-daemon
DockerService,ContainerChanges,macos,containers,true,true,CI-without-daemon
DockerService,ContainerChanges,windows,containers,true,true,CI-without-daemon
DockerService,ContainerChanges,linux,containers,true,true,CI-without-daemon
DockerService,ContainerChanges,tui,containers,true,true,CI-without-daemon
DockerService,PruneContainers,macos,containers,true,true,CI-without-daemon
DockerService,PruneContainers,windows,containers,true,true,CI-without-daemon
DockerService,PruneContainers,linux,containers,true,true,CI-without-daemon
DockerService,PruneContainers,tui,containers,true,true,CI-without-daemon
DockerService,ListImages,macos,images,true,true,live-backend
DockerService,ListImages,windows,images,true,true,CI-without-daemon
DockerService,ListImages,linux,images,true,true,CI-without-daemon
DockerService,ListImages,tui,images,true,true,CI-without-daemon
DockerService,PullImage,macos,images,true,true,live-backend
DockerService,PullImage,windows,images,true,true,CI-without-daemon
DockerService,PullImage,linux,images,true,true,CI-without-daemon
DockerService,PullImage,tui,images,true,true,CI-without-daemon
DockerService,RemoveImage,macos,images,true,true,live-backend
DockerService,RemoveImage,windows,images,true,true,CI-without-daemon
DockerService,RemoveImage,linux,images,true,true,CI-without-daemon
DockerService,RemoveImage,tui,images,true,true,live-backend
DockerService,InspectImage,macos,images,true,true,live-backend
DockerService,InspectImage,windows,images,true,true,CI-without-daemon
DockerService,InspectImage,linux,images,true,true,CI-without-daemon
DockerService,InspectImage,tui,images,true,true,live-backend
DockerService,ImageHistory,macos,images,true,true,CI-without-daemon
DockerService,ImageHistory,windows,images,true,true,CI-without-daemon
DockerService,ImageHistory,linux,images,true,true,CI-without-daemon
DockerService,ImageHistory,tui,images,true,true,CI-without-daemon
DockerService,TagImage,macos,images,true,true,live-backend
DockerService,TagImage,windows,images,true,true,CI-without-daemon
DockerService,TagImage,linux,images,true,true,CI-without-daemon
DockerService,TagImage,tui,images,true,true,CI-without-daemon
DockerService,PushImage,macos,images,true,false,source-only
DockerService,PushImage,windows,images,true,true,CI-without-daemon
DockerService,PushImage,linux,images,true,true,CI-without-daemon
DockerService,PushImage,tui,images,true,true,CI-without-daemon
DockerService,SearchImages,macos,images,true,true,CI-without-daemon
DockerService,SearchImages,windows,images,true,true,CI-without-daemon
DockerService,SearchImages,linux,images,true,true,CI-without-daemon
DockerService,SearchImages,tui,images,true,true,CI-without-daemon
DockerService,PruneImages,macos,images,true,true,CI-without-daemon
DockerService,PruneImages,windows,images,true,true,CI-without-daemon
DockerService,PruneImages,linux,images,true,true,CI-without-daemon
DockerService,PruneImages,tui,images,true,true,CI-without-daemon
DockerService,ListVolumes,macos,volumes,true,true,live-backend
DockerService,ListVolumes,windows,volumes,true,true,CI-without-daemon
DockerService,ListVolumes,linux,volumes,true,true,CI-without-daemon
DockerService,ListVolumes,tui,volumes,true,true,CI-without-daemon
DockerService,CreateVolume,macos,volumes,true,true,live-backend
DockerService,CreateVolume,windows,volumes,true,true,CI-without-daemon
DockerService,CreateVolume,linux,volumes,true,true,CI-without-daemon
DockerService,CreateVolume,tui,volumes,true,true,CI-without-daemon
DockerService,RemoveVolume,macos,volumes,true,true,live-backend
DockerService,RemoveVolume,windows,volumes,true,true,CI-without-daemon
DockerService,RemoveVolume,linux,volumes,true,true,CI-without-daemon
DockerService,RemoveVolume,tui,volumes,true,true,CI-without-daemon
DockerService,InspectVolume,macos,volumes,true,true,live-backend
DockerService,InspectVolume,windows,volumes,true,true,CI-without-daemon
DockerService,InspectVolume,linux,volumes,true,true,CI-without-daemon
DockerService,InspectVolume,tui,volumes,true,true,CI-without-daemon
DockerService,PruneVolumes,macos,volumes,true,true,CI-without-daemon
DockerService,PruneVolumes,windows,volumes,true,true,CI-without-daemon
DockerService,PruneVolumes,linux,volumes,true,true,CI-without-daemon
DockerService,PruneVolumes,tui,volumes,true,true,CI-without-daemon
DockerService,ListNetworks,macos,networks,true,true,live-backend
DockerService,ListNetworks,windows,networks,true,true,CI-without-daemon
DockerService,ListNetworks,linux,networks,true,true,CI-without-daemon
DockerService,ListNetworks,tui,networks,true,true,CI-without-daemon
DockerService,CreateNetwork,macos,networks,true,true,live-backend
DockerService,CreateNetwork,windows,networks,true,true,CI-without-daemon
DockerService,CreateNetwork,linux,networks,true,true,CI-without-daemon
DockerService,CreateNetwork,tui,networks,true,true,CI-without-daemon
DockerService,RemoveNetwork,macos,networks,true,true,live-backend
DockerService,RemoveNetwork,windows,networks,true,true,CI-without-daemon
DockerService,RemoveNetwork,linux,networks,true,true,CI-without-daemon
DockerService,RemoveNetwork,tui,networks,true,true,CI-without-daemon
DockerService,InspectNetwork,macos,networks,true,true,live-backend
DockerService,InspectNetwork,windows,networks,true,true,CI-without-daemon
DockerService,InspectNetwork,linux,networks,true,true,CI-without-daemon
DockerService,InspectNetwork,tui,networks,true,true,CI-without-daemon
DockerService,ConnectNetwork,macos,networks,true,true,CI-without-daemon
DockerService,ConnectNetwork,windows,networks,true,true,CI-without-daemon
DockerService,ConnectNetwork,linux,networks,true,true,CI-without-daemon
DockerService,ConnectNetwork,tui,networks,true,true,CI-without-daemon
DockerService,DisconnectNetwork,macos,networks,true,true,CI-without-daemon
DockerService,DisconnectNetwork,windows,networks,true,true,CI-without-daemon
DockerService,DisconnectNetwork,linux,networks,true,true,CI-without-daemon
DockerService,DisconnectNetwork,tui,networks,true,true,CI-without-daemon
DockerService,PruneNetworks,macos,networks,true,true,CI-without-daemon
DockerService,PruneNetworks,windows,networks,true,true,CI-without-daemon
DockerService,PruneNetworks,linux,networks,true,true,CI-without-daemon
DockerService,PruneNetworks,tui,networks,true,true,CI-without-daemon
DockerService,StreamEvents,macos,monitoring,true,true,CI-without-daemon
DockerService,StreamEvents,windows,monitoring,true,true,CI-without-daemon
DockerService,StreamEvents,linux,monitoring,true,true,CI-without-daemon
DockerService,StreamEvents,tui,monitoring,true,false,source-only
DockerService,StreamLogs,macos,containers,true,true,CI-without-daemon
DockerService,StreamLogs,windows,containers,true,true,CI-without-daemon
DockerService,StreamLogs,linux,containers,true,true,CI-without-daemon
DockerService,StreamLogs,tui,containers,true,false,source-only
DockerService,StreamStats,macos,containers,true,true,CI-without-daemon
DockerService,StreamStats,windows,containers,true,true,CI-without-daemon
DockerService,StreamStats,linux,containers,true,true,CI-without-daemon
DockerService,StreamStats,tui,containers,true,false,source-only
